EfficientNetV2S,InceptionV3,Xception,Comparison,TestRatio,Test
1.0,0.021654815764096808,0.05572940467872085,EfficientNetV2S,7/3,Dunn
0.021654815764096808,1.0,0.7091708852341143,InceptionV3,7/3,Dunn
0.05572940467872085,0.7091708852341143,1.0,Xception,7/3,Dunn
